ID,Nickname,Name,Phone,ExperienceYears
1,Echo1,Ava Smith,555-154-2312,4
2,Spark1,Emma Taylor,555-542-7500,13
3,Shadow1,Charlotte Thomas,555-229-9940,10
4,Falcon1,Olivia Gonzalez,555-563-2827,2
5,Claw1,Isabella Rodriguez,555-769-4515,15
6,Bolt1,Evelyn Martinez,555-492-7891,1
7,Inferno1,Sophia Johnson,555-533-5030,6
8,Drift1,James Williams,555-819-6082,13
9,Phoenix1,Mia Wilson,555-275-8633,5
10,Rogue1,Amelia Miller,555-987-8192,4
11,Blaze1,William Moore,555-871-3943,9
12,Spectre1,Liam Jones,555-150-3642,6
13,Titan1,Lucas Jackson,555-112-7253,0
14,Hunter1,Alexander Brown,555-747-8258,11
15,Wraith1,Elijah Martin,555-353-6044,5
16,Storm1,Henry Lopez,555-840-2513,6
17,Ghost1,Oliver Davis,555-957-1975,15
18,Nova1,Harper Garcia,555-686-7012,12
19,Frost1,Noah Anderson,555-590-7659,15
20,Viper1,Benjamin Hernandez,555-627-2028,2
21,Echo2,Ava Smith,555-653-8570,12
22,Spark2,Emma Taylor,555-305-9821,7
23,Shadow2,Charlotte Thomas,555-798-1403,3
24,Falcon2,Olivia Gonzalez,555-358-2358,11
25,Claw2,Isabella Rodriguez,555-655-4702,7
26,Bolt2,Evelyn Martinez,555-401-2144,12
27,Inferno2,Sophia Johnson,555-460-2815,14
28,Drift2,James Williams,555-472-8743,6
29,Phoenix2,Mia Wilson,555-610-9602,5
30,Rogue2,Amelia Miller,555-787-9837,10
31,Blaze2,William Moore,555-369-9028,14
32,Spectre2,Liam Jones,555-131-5277,14
33,Titan2,Lucas Jackson,555-110-1370,11
34,Hunter2,Alexander Brown,555-620-8270,10
35,Wraith2,Elijah Martin,555-722-1434,4
36,Storm2,Henry Lopez,555-768-4812,2
37,Ghost2,Oliver Davis,555-319-2508,1
38,Nova2,Harper Garcia,555-188-1652,14
39,Frost2,Noah Anderson,555-711-3312,11
40,Viper2,Benjamin Hernandez,555-227-2497,3
41,Echo3,Ava Smith,555-301-7869,9
42,Spark3,Emma Taylor,555-175-9331,12
43,Shadow3,Charlotte Thomas,555-599-5759,7
44,Falcon3,Olivia Gonzalez,555-499-5190,11
45,Claw3,Isabella Rodriguez,555-298-2225,12
46,Bolt3,Evelyn Martinez,555-986-3135,4
47,Inferno3,Sophia Johnson,555-517-1505,1
48,Drift3,James Williams,555-981-7692,15
49,Phoenix3,Mia Wilson,555-293-1349,4
50,Rogue3,Amelia Miller,555-945-6539,7
51,Blaze3,William Moore,555-458-6101,14
52,Spectre3,Liam Jones,555-836-6264,0
53,Titan3,Lucas Jackson,555-684-3083,1
54,Hunter3,Alexander Brown,555-473-5895,15
55,Wraith3,Elijah Martin,555-551-9988,15
56,Storm3,Henry Lopez,555-960-4354,7
57,Ghost3,Oliver Davis,555-790-9825,5
58,Nova3,Harper Garcia,555-483-1373,13
59,Frost3,Noah Anderson,555-124-7222,2
60,Viper3,Benjamin Hernandez,555-913-5703,4
61,Echo4,Ava Smith,555-989-8504,14
62,Spark4,Emma Taylor,555-168-6401,0
63,Shadow4,Charlotte Thomas,555-794-3969,6
64,Falcon4,Olivia Gonzalez,555-980-2540,5
65,Claw4,Isabella Rodriguez,555-431-1582,5
66,Bolt4,Evelyn Martinez,555-549-7148,5
67,Inferno4,Sophia Johnson,555-991-9769,6
68,Drift4,James Williams,555-254-9633,12
69,Phoenix4,Mia Wilson,555-985-9927,0
70,Rogue4,Amelia Miller,555-941-2822,11
71,Blaze4,William Moore,555-847-3715,9
72,Spectre4,Liam Jones,555-316-6964,7
73,Titan4,Lucas Jackson,555-643-7843,7
74,Hunter4,Alexander Brown,555-941-3879,10
75,Wraith4,Elijah Martin,555-431-8982,9
76,Storm4,Henry Lopez,555-981-1045,10
77,Ghost4,Oliver Davis,555-945-9502,7
78,Nova4,Harper Garcia,555-280-3035,15
79,Frost4,Noah Anderson,555-822-8892,11
80,Viper4,Benjamin Hernandez,555-621-4476,7
81,Echo5,Ava Smith,555-558-3622,12
82,Spark5,Emma Taylor,555-938-8352,8
83,Shadow5,Charlotte Thomas,555-484-3098,10
84,Falcon5,Olivia Gonzalez,555-450-8805,8
85,Claw5,Isabella Rodriguez,555-603-2211,7
86,Bolt5,Evelyn Martinez,555-685-9010,6
87,Inferno5,Sophia Johnson,555-192-9522,14
88,Drift5,James Williams,555-122-8650,2
89,Phoenix5,Mia Wilson,555-558-8531,6
90,Rogue5,Amelia Miller,555-513-2248,9
91,Blaze5,William Moore,555-976-4822,2
92,Spectre5,Liam Jones,555-647-4899,4
93,Titan5,Lucas Jackson,555-714-9123,8
94,Hunter5,Alexander Brown,555-807-8852,15
95,Wraith5,Elijah Martin,555-467-3640,0
96,Storm5,Henry Lopez,555-248-2145,5
97,Ghost5,Oliver Davis,555-965-7800,0
98,Nova5,Harper Garcia,555-613-7165,9
99,Frost5,Noah Anderson,555-599-5022,1
100,Viper5,Benjamin Hernandez,555-180-1927,4
